batch,mean_quality,median_quality,std_quality,num_reads,z_score,normalization_factor
1,29.741755555555553,29.746666666666666,0.2579935103021483,3000,0.21991963408801038,-0.33333944444444086
2,27.75375777777778,27.753333333333334,0.24651733737141363,3000,-1.0916555519369244,1.6546583333333338
3,30.729735,30.74,0.27092495229306585,4000,0.8717359178489118,-1.3213188888888894
